user_id,name,phone,email,address,postalZip,region,country,interests,gender,latlng
65f1c79432536e1ffd51dc3f,Tyler Hahn,(583) 807-1538,dolor.quisque@yahoo.ca,Ap #204-1181 Ac Rd.,44786-135,Brussels Hoofdstedelijk Gewest,France,travel sports restaurant music museum,female,"12.276681216, -111.9254064128"
65f1c79432536e1ffd51dc40,Savannah Clemons,1-869-283-3436,nec.mauris@aol.net,Ap #550-3139 Proin Rd.,30203,Trøndelag,Brazil,sports restaurant,male,"-83.8320636928, -133.315482624"
65f1c79432536e1ffd51dc41,Portia Fields,1-335-320-0915,magna.ut@hotmail.edu,"P.O. Box 362, 7349 Mauris. Ave",31-718,Putumayo,South Korea,restaurant music,female,"28.7478841344, -59.6139681792"
65f1c79432536e1ffd51dc42,Chastity Vaughn,1-904-731-3744,pulvinar.arcu@protonmail.edu,321-4719 Scelerisque Rd.,68458,Adana,Norway,sports,female,"-36.7650880512, 40.5544214528"
65f1c79432536e1ffd51dc43,Ariel Franklin,(362) 586-7171,et.risus.quisque@google.org,5028 Vel Road,445672,Meghalaya,Costa Rica,travel sports restaurant music museum,trans,"-39.2581925888, -24.5701190656"
65f1c79432536e1ffd51dc44,Dai Terrell,1-258-551-4587,a@aol.couk,Ap #509-4561 Libero. Road,628918,Vestland,Australia,travel sports restaurant music museum,female,"67.5145649152, -60.8098475008"
65f1c79432536e1ffd51dc45,Dale Ochoa,1-954-327-3400,adipiscing@yahoo.edu,657-1084 Luctus Ave,6611 FY,Mexico City,Vietnam,museum,trans,"-19.5249835008, -5.1292720128"
65f1c79432536e1ffd51dc46,Nadine Hopkins,1-414-822-1512,sed.eu@yahoo.com,281-6917 Dignissim Rd.,7363,Punjab,United Kingdom,travel sports restaurant music museum,female,"-69.2862005248, -81.3110095872"
65f1c79432536e1ffd51dc47,Odessa Huff,(857) 975-2374,purus.mauris.a@hotmail.couk,Ap #751-6050 Lacus. Av.,46830-883,Heredia,Indonesia,travel sports restaurant music,trans,"41.598612992, -25.4460711936"
65f1c79432536e1ffd51dc48,Brooke Goff,(513) 607-6777,orci.quis.lectus@yahoo.couk,113-9775 Blandit Rd.,140074,Volyn oblast,France,travel sports restaurant music museum,female,"-26.9238089728, -179.6538789888"
65f1c79432536e1ffd51dc49,Yuli Edwards,(293) 416-6057,semper@protonmail.net,Ap #630-4281 Aliquet. Ave,62-068,Berkshire,China,travel sports restaurant music museum,female,"34.3887715328, 157.0876424192"
65f1c79432536e1ffd51dc4a,Troy Trevino,(844) 675-0512,semper.auctor.mauris@icloud.ca,"P.O. Box 898, 2986 Nisi St.",9673,Huáběi,Spain,restaurant,trans,"-21.1631173632, -119.487491584"
65f1c79432536e1ffd51dc4b,Ivana Preston,1-986-244-3666,vel.lectus.cum@icloud.com,"P.O. Box 390, 8646 Vitae St.",4806,Sutherland,South Korea,travel sports restaurant music museum,female,"36.417788928, 118.105142784"
65f1c79432536e1ffd51dc4c,Brandon Taylor,(571) 886-4138,orci@hotmail.net,7130 Mollis St.,1876,Luik,Italy,restaurant music,female,"-15.74214144, -5.0368548864"
65f1c79432536e1ffd51dc4d,Bradley Marsh,(534) 828-1424,in.dolor.fusce@aol.edu,Ap #599-1357 Dis Street,397434,Vestland,Norway,travel sports restaurant music museum,female,"-10.5588614144, -116.5054980096"
65f1c79432536e1ffd51dc4e,Chantale Schwartz,(856) 721-7683,auctor.nunc@yahoo.com,"P.O. Box 274, 4302 Purus, St.",55887,Tamaulipas,Ukraine,travel sports restaurant music museum,trans,"32.083424256, -156.79826688"
65f1c79432536e1ffd51dc4f,Alden Harvey,(782) 610-6835,ac.fermentum@protonmail.net,Ap #474-7604 Donec Av.,8227 EW,Smolensk Oblast,United Kingdom,travel sports restaurant music museum,female,"26.8247532544, -132.252062208"
65f1c79432536e1ffd51dc50,Aidan Barker,(851) 762-5937,sed.neque.sed@google.edu,110-949 Lectus Ave,2798,Zachodniopomorskie,Norway,travel sports restaurant music museum,female,"32.1029126144, -128.2459119616"
65f1c79432536e1ffd51dc51,Nadine Benson,1-419-886-8885,risus@protonmail.net,"P.O. Box 981, 1920 Sapien. Rd.",72492,Central Visayas,Australia,travel sports restaurant music museum,female,"-17.3093906432, 135.3652370432"
65f1c79432536e1ffd51dc52,Berk Barrera,1-751-644-7686,ipsum.dolor@aol.edu,Ap #925-8947 Suspendisse Ave,6519,Poitou-Charentes,Germany,travel,female,"44.8602938368, -3.340353024"
65f1c79432536e1ffd51dc53,Fredericka Bray,1-867-644-5585,etiam.ligula.tortor@protonmail.org,211-8202 Sed St.,24845,Basse-Normandie,Austria,travel sports restaurant music museum,female,"-31.6872617984, -13.5399907328"
65f1c79432536e1ffd51dc54,Alexa Waters,1-872-568-2937,fringilla.ornare.placerat@protonmail.org,"P.O. Box 527, 8070 Velit Road",744122,Chihuahua,Chile,travel sports restaurant music museum,male,"66.451727872, 76.0482696192"
65f1c79432536e1ffd51dc55,Catherine Hodge,1-778-475-5528,libero@hotmail.ca,781-9280 Ac Avenue,606420,Vorarlberg,Mexico,travel sports restaurant music museum,female,"-6.9899199488, -84.3924873216"
65f1c79432536e1ffd51dc56,Macey Vincent,(885) 483-3466,augue.eu@icloud.couk,Ap #887-5389 Arcu. St.,144865,Chelyabinsk Oblast,Netherlands,travel sports restaurant music museum,female,"80.7000041472, 63.5266446336"
65f1c79432536e1ffd51dc57,Thomas Brock,1-550-543-0856,ipsum@google.com,1830 Lorem Road,5618,Đắk Nông,Australia,travel sports restaurant music,trans,"39.7652701184, -172.6927157248"
65f1c79432536e1ffd51dc58,Linus Mcclure,(851) 764-2783,urna.nullam@protonmail.org,511-4144 Orci Road,07486,Chiapas,Sweden,travel sports restaurant music museum,female,"-7.7458594816, -89.9524414464"
65f1c79432536e1ffd51dc59,Duncan Salinas,(668) 123-3507,nisl.sem.consequat@yahoo.edu,"P.O. Box 331, 160 Ligula. Rd.",5275,Puno,Netherlands,travel sports restaurant music museum,male,"31.4031442944, -93.05540864"
65f1c79432536e1ffd51dc5a,Aurora Shannon,1-227-119-8526,et@google.com,710-560 Donec St.,03-587,Odessa oblast,Mexico,sports restaurant music,female,"77.7201712128, -115.8855917568"
65f1c79432536e1ffd51dc5b,Mufutau Norton,1-234-247-9495,risus.varius@hotmail.couk,Ap #880-8568 Maecenas Road,81-075,Samara Oblast,Peru,travel sports restaurant music museum,trans,"-86.851542016, 173.570844672"
65f1c79432536e1ffd51dc5c,Amir Ray,(512) 550-1336,nulla.facilisi@yahoo.couk,"P.O. Box 146, 5478 Sit Road",30914,South Chungcheong,Vietnam,travel sports restaurant music museum,female,"-39.6091091968, 176.6695227392"
65f1c79432536e1ffd51dc5d,Anika Barry,(632) 510-1570,morbi@outlook.net,Ap #860-9900 Eget Rd.,9052 HL,Donetsk oblast,Colombia,sports restaurant music,female,"63.5577402368, 33.5470828544"
65f1c79432536e1ffd51dc5e,Haley Velasquez,(173) 552-4342,hendrerit.donec.porttitor@protonmail.org,Ap #589-2082 Vel St.,24764-57724,Gangwon,Ukraine,travel sports restaurant music,trans,"-53.7637533696, 22.2161652736"
65f1c79432536e1ffd51dc5f,Raya Lindsey,(162) 883-4436,elementum.purus@google.com,"Ap #401-7370 Id, Rd.",15349,Abruzzo,Peru,travel sports restaurant music museum,trans,"81.5798793216, -137.9760114688"
65f1c79432536e1ffd51dc60,Upton Carney,1-585-764-2853,lobortis.augue.scelerisque@google.com,Ap #203-7233 Est Av.,2556,Sachsen,Poland,travel sports restaurant music museum,female,"-71.1520753664, 31.393886208"
65f1c79432536e1ffd51dc61,Debra Joyce,1-526-319-7339,id.blandit@aol.com,"P.O. Box 470, 7037 Ipsum Road",460567,Balıkesir,Ukraine,sports restaurant music,trans,"35.5468920832, 81.7092970496"
65f1c79432536e1ffd51dc62,Aquila Carr,1-825-418-4287,lacinia.vitae.sodales@outlook.ca,"P.O. Box 300, 9245 Interdum Ave",41324,West Sulawesi,Sweden,travel sports restaurant music museum,male,"65.4219281408, 132.2558093312"
65f1c79432536e1ffd51dc63,Angela Velasquez,(177) 515-0316,arcu.iaculis@icloud.org,217-9050 Consequat Rd.,24-320,Jammu and Kashmir,Belgium,travel sports restaurant music museum,female,"5.8838555648, 164.2103134208"
65f1c79432536e1ffd51dc64,Raven Spears,1-600-215-4048,ipsum.cursus@yahoo.edu,313-4892 Sagittis Road,2393,Bắc Ninh,Australia,sports restaurant,male,"-69.3554367488, 92.601019904"
65f1c79432536e1ffd51dc65,Nehru Johnson,1-856-277-5730,eget.massa@icloud.com,350-5671 Sed St.,61436,North Island,Mexico,travel sports restaurant music museum,female,"-21.5252263936, 160.4504866816"
65f1c79432536e1ffd51dc66,Kimberly Mcgee,1-619-307-7811,ac@protonmail.ca,Ap #689-9033 Lorem Rd.,4601,Leinster,South Korea,travel sports restaurant music museum,female,"3.1759091712, 178.6668578816"
65f1c79432536e1ffd51dc67,Kay Glover,1-677-477-5057,sed.nunc@icloud.org,361-4039 Rutrum Ave,688892,Tabasco,Spain,travel sports restaurant music,trans,"-25.4199573504, 178.4540756992"
65f1c79432536e1ffd51dc68,Colton Dominguez,1-217-891-2740,sem.ut@aol.net,Ap #193-4061 Sit Av.,72-723,La Libertad,Netherlands,travel sports restaurant music,trans,"27.9198005248, -123.6465550336"
65f1c79432536e1ffd51dc69,Jolene Byers,(686) 425-4353,tellus.non.magna@icloud.com,166-8973 Ullamcorper. St.,8757,Connacht,Brazil,travel sports restaurant music museum,female,"56.5405234176, 9.4783899648"
65f1c79432536e1ffd51dc6a,Carl Lara,(803) 818-3423,neque.vitae.semper@protonmail.ca,Ap #627-4880 Semper Rd.,2523,Dōngběi,Philippines,restaurant music,trans,"38.9367673856, -61.8731375616"
65f1c79432536e1ffd51dc6b,Jenette Haynes,1-522-574-5559,ac.mi.eleifend@yahoo.com,"P.O. Box 830, 2688 Ante. Rd.",28384,Istanbul,Philippines,restaurant music,female,"17.1787222016, 87.6831913984"
65f1c79432536e1ffd51dc6c,Jael Mejia,1-624-800-1222,erat.sed@hotmail.edu,Ap #644-9939 Malesuada St.,778873,Saarland,France,travel sports restaurant music museum,female,"49.158151168, 42.1362976768"
65f1c79432536e1ffd51dc6d,Hu Brewer,(176) 768-1868,justo@protonmail.com,Ap #931-7889 Aenean Rd.,24641,Alberta,Chile,travel sports restaurant music museum,trans,"-72.024602112, 169.0440767488"
65f1c79432536e1ffd51dc6e,Addison Mercer,(481) 662-2778,vitae.velit@yahoo.org,1904 Nec Avenue,577963,Mersin,United Kingdom,travel sports restaurant music museum,trans,"-28.4360351744, -101.0107215872"
65f1c79432536e1ffd51dc6f,Anthony Schwartz,(415) 673-4541,sed.pede@hotmail.edu,Ap #610-112 Gravida Ave,5317-4301,Australian Capital Territory,Ireland,travel sports restaurant music museum,trans,"77.8968752128, -85.7456909312"
65f1c79432536e1ffd51dc70,Garrett Johnson,1-656-645-5015,augue.scelerisque@protonmail.org,Ap #942-9750 Nascetur Avenue,73676,South Australia,India,travel sports restaurant music museum,trans,"83.2415276032, -63.0381817856"
65f1c79432536e1ffd51dc71,Vivien Byrd,1-692-370-5724,vel.mauris@icloud.org,Ap #389-8571 Nisl. Rd.,9625,San José,Vietnam,travel sports restaurant music,female,"82.3723193344, -56.599762432"
65f1c79432536e1ffd51dc72,Karina Espinoza,(985) 577-2755,a@aol.edu,683-6285 A St.,739756,Quebec,Singapore,travel sports restaurant music museum,female,"-26.3023430656, -153.9627403264"
65f1c79432536e1ffd51dc73,Anne Fischer,1-217-263-1141,nunc.risus.varius@yahoo.com,960-6772 Lectus. Rd.,64-77,South Australia,Indonesia,travel sports restaurant music museum,female,"-55.61692416, 161.3006608384"
65f1c79432536e1ffd51dc74,Jayme Cooper,(565) 738-7202,enim.commodo@hotmail.ca,8310 Elit Road,153364,Putumayo,New Zealand,travel sports restaurant music museum,trans,"28.5359234048, -15.9552734208"
65f1c79432536e1ffd51dc75,Hoyt Grant,(862) 207-7758,velit.in@outlook.edu,978-7863 Tortor. Ave,0451,Guanacaste,Singapore,travel sports restaurant music museum,male,"24.545677824, -129.3813531648"
65f1c79432536e1ffd51dc76,Kenneth Garrett,(516) 624-6473,gravida.nunc@google.com,970-482 Amet Avenue,644288,Ulster,Netherlands,music museum,female,"10.864535552, -46.8630861824"
65f1c79432536e1ffd51dc77,Jane Holder,(342) 772-5536,id.sapien@yahoo.com,Ap #675-1087 Fusce Av.,40735,Namen,Austria,travel sports restaurant music museum,female,"71.2243910656, 88.0852898816"
65f1c79432536e1ffd51dc78,Henry Gould,1-392-513-1438,bibendum.ullamcorper@icloud.ca,Ap #394-3332 Facilisis Ave,25453,Ulster,South Africa,sports restaurant music,female,"-21.1296009216, -144.2980482048"
65f1c79432536e1ffd51dc79,Genevieve Mooney,1-843-885-3228,mauris.sagittis@yahoo.couk,Ap #459-6995 Mollis Rd.,37115,Western Australia,Norway,music,female,"48.2129159168, 29.6503094272"
65f1c79432536e1ffd51dc7a,Madeline Hensley,1-691-566-1589,scelerisque@icloud.com,"P.O. Box 446, 4838 Tincidunt Av.",876879,FATA,Mexico,travel sports restaurant music museum,female,"87.1386551296, 142.8795380736"
65f1c79432536e1ffd51dc7b,Ali Sexton,1-843-657-1584,elit.elit.fermentum@outlook.edu,147-3231 Augue Rd.,83873,Guanacaste,China,restaurant music museum,female,"23.6287111168, 45.8628942848"
65f1c79432536e1ffd51dc7c,Damian Carroll,1-363-502-5158,fermentum.fermentum.arcu@hotmail.edu,381-8866 Ac Av.,3913,Chiapas,South Korea,travel sports restaurant music museum,trans,"-57.6279648256, -133.9143841792"
65f1c79432536e1ffd51dc7d,Elton Rowe,(228) 363-6142,lorem@hotmail.net,2425 Nisi. Av.,51814,South Chungcheong,Peru,sports,female,"-17.8230770688, -162.1120995328"
65f1c79432536e1ffd51dc7e,Henry Carson,(492) 760-1031,nec.euismod.in@protonmail.edu,257-9177 Ultrices. Rd.,72159,Oslo,Poland,travel sports restaurant music museum,trans,"67.9417178112, 47.203158016"
65f1c79432536e1ffd51dc7f,Eagan Bauer,(144) 233-3880,in.ornare.sagittis@outlook.net,9901 Magna Avenue,7761,FATA,Colombia,sports restaurant music museum,trans,"22.3296720896, -140.7712626688"
65f1c79432536e1ffd51dc80,Levi Page,1-534-761-2176,tempor.est@hotmail.net,578-7050 Mauris. Rd.,293533,North-East Region,Indonesia,restaurant music,male,"-33.9738079232, -167.036203008"
65f1c79432536e1ffd51dc81,Rhona Hess,1-561-232-8331,id@aol.ca,2124 Nulla Rd.,685187,Puntarenas,Philippines,sports restaurant music museum,trans,"36.6863096832, -136.3669124096"
65f1c79432536e1ffd51dc82,Ian Hanson,(584) 323-1886,quisque.ac@yahoo.net,759-2850 Mauris Av.,43-88,North Jeolla,Indonesia,travel sports restaurant music,male,"-36.0040660992, -157.6166713344"
65f1c79432536e1ffd51dc83,Emi Lester,1-622-287-9854,sit.amet.risus@protonmail.org,233-2385 Varius Ave,16129,Mazowieckie,Nigeria,music museum,trans,"-77.3300317184, -21.2707145728"
65f1c79432536e1ffd51dc84,Xenos Hogan,1-501-535-1876,arcu.vestibulum@google.com,"P.O. Box 144, 365 Justo. Street",773457,Thừa Thiên–Huế,United Kingdom,travel sports restaurant music museum,female,"-20.660369408, 77.3848905728"
65f1c79432536e1ffd51dc85,Kyra Hood,1-751-873-5301,consectetuer.mauris@aol.couk,"P.O. Box 998, 286 Vulputate, Rd.",577496,Northern Cape,Australia,travel sports restaurant music museum,female,"-33.0396326912, 130.3288462336"
65f1c79432536e1ffd51dc86,Jayme Turner,(461) 371-5136,ultrices.posuere@hotmail.net,Ap #453-3562 Ipsum Road,4158,Louisiana,Russian Federation,travel sports restaurant music museum,male,"-28.0682908672, -157.7149395968"
65f1c79432536e1ffd51dc87,Akeem Davenport,(145) 355-9471,nam.consequat@outlook.couk,"P.O. Box 940, 4494 Mattis Av.",58736,Central Luzon,United States,travel sports restaurant,female,"-24.4599858176, 50.231892992"
65f1c79432536e1ffd51dc88,Hoyt Page,1-505-645-8646,mauris@yahoo.ca,Ap #843-9636 Class Rd.,8954,Rogaland,Italy,sports restaurant music museum,female,"-48.2668066816, -17.8239903744"
65f1c79432536e1ffd51dc89,Madison Kinney,(357) 905-4857,augue.id@icloud.net,"P.O. Box 207, 6745 Lectus. Av.",822848,North Island,Spain,travel sports restaurant music museum,female,"-41.2541545472, -122.0681423872"
65f1c79432536e1ffd51dc8a,Mariam Dalton,1-525-659-7424,netus.et.malesuada@protonmail.net,"Ap #844-4638 Dolor, Av.",Y1J 6A2,Bourgogne,Costa Rica,travel sports restaurant music museum,trans,"-54.8813574144, 7.3650290688"
65f1c79432536e1ffd51dc8b,Tyler Mendoza,(942) 515-3787,sit.amet.consectetuer@yahoo.com,Ap #357-5535 Mus. Ave,133488,łódzkie,Netherlands,restaurant music,female,"-89.615935488, -103.36136192"
65f1c79432536e1ffd51dc8c,Mira Sparks,1-229-673-3523,in.tincidunt.congue@yahoo.couk,Ap #715-2748 Pellentesque St.,6137-4927,Westmorland,Netherlands,travel sports restaurant music museum,female,"-82.928382976, -18.60413184"
65f1c79432536e1ffd51dc8d,Amal Herman,1-482-352-7658,et.magnis@outlook.couk,284-7347 Orci Rd.,1936-2952,La Rioja,Vietnam,travel sports restaurant music museum,trans,"-24.446315008, -95.1949420544"
65f1c79432536e1ffd51dc8e,Brody Finley,(395) 412-4337,nam.consequat@yahoo.net,302-9967 Odio St.,8876,North Gyeongsang,Austria,travel sports restaurant music museum,trans,"-16.6641132544, 137.68438528"
65f1c79432536e1ffd51dc8f,Oleg Browning,1-210-217-6416,cum.sociis@aol.net,Ap #765-3235 Eu St.,3243 OP,Sindh,Singapore,restaurant music museum,trans,"-61.785808384, -127.2432265216"
65f1c79432536e1ffd51dc90,Ira Gomez,(828) 341-6312,faucibus.lectus.a@outlook.edu,"P.O. Box 165, 3928 Erat Ave",2873-5346,Gyeonggi,India,sports restaurant music,male,"78.7411354624, -125.0633842688"
65f1c79432536e1ffd51dc91,Zelda Sandoval,1-612-936-6417,blandit@protonmail.com,"P.O. Box 960, 4749 Dignissim Road",51780,Western Australia,Vietnam,travel sports restaurant music museum,trans,"-73.27675136, 151.5219293184"
65f1c79432536e1ffd51dc92,Inez Mckee,1-679-745-6776,dolor@aol.org,2129 Viverra. St.,15567,Central Luzon,Ukraine,travel sports restaurant music,female,"-14.475032576, -69.2057216"
65f1c79432536e1ffd51dc93,Ryder Leblanc,(516) 722-6182,molestie.arcu@yahoo.couk,Ap #181-9042 Nec Rd.,24277,Queensland,France,travel sports restaurant music museum,male,"34.8559837184, -140.3010797568"
65f1c79432536e1ffd51dc94,Debra Klein,(403) 810-5276,ut.odio@google.couk,1481 Volutpat. St.,52-436,Zamboanga Peninsula,Austria,travel sports restaurant music,trans,"33.4129645568, 85.4219652096"
65f1c79432536e1ffd51dc95,Aurelia Frost,(469) 463-7688,porta.elit@hotmail.com,699-6186 Euismod St.,36723,Rivers,Poland,restaurant music,female,"-24.3220931584, -177.3123890176"
65f1c79432536e1ffd51dc96,Xavier Sherman,(924) 662-3864,nonummy.ultricies.ornare@outlook.com,9403 Sit Rd.,99167,Voronezh Oblast,Russian Federation,travel,trans,"-66.841732608, -170.360606208"
65f1c79432536e1ffd51dc97,Gage Reed,1-926-343-4363,rutrum@yahoo.org,"6329 Orci, Avenue",7625,Alberta,Spain,travel sports restaurant music,female,"37.6176719872, 71.8954326016"
65f1c79432536e1ffd51dc98,Eugenia Roth,1-788-634-6028,dapibus@protonmail.net,826-5162 Non Road,681567,Hải Dương,Nigeria,restaurant music,female,"56.4233530368, 164.775248896"
65f1c79432536e1ffd51dc99,Raja Mclaughlin,(342) 923-1386,id@protonmail.ca,Ap #514-9987 Dis Ave,534956,Principado de Asturias,China,travel sports restaurant music museum,male,"-23.121918976, 132.7859310592"
65f1c79432536e1ffd51dc9a,Garrison Vance,1-250-754-3119,aliquam.nec@yahoo.edu,Ap #250-7351 Facilisis Avenue,724664,Cần Thơ,Netherlands,travel sports restaurant music museum,trans,"53.87266816, 85.7745415168"
65f1c79432536e1ffd51dc9b,Oren Ferrell,1-701-622-1898,blandit.nam@outlook.org,7658 Condimentum Road,744529,FATA,United Kingdom,travel sports restaurant music,female,"50.989602816, 64.8750337024"
65f1c79432536e1ffd51dc9c,Malachi Stein,1-881-211-6342,consectetuer.ipsum.nunc@aol.edu,9311 Blandit Ave,HL6V 0XY,Provence-Alpes-Côte d'Azur,China,travel sports restaurant music museum,trans,"28.3332854784, 156.3620958208"
65f1c79432536e1ffd51dc9d,Scott Simpson,1-586-661-5048,nullam.vitae@hotmail.org,Ap #692-1887 Lorem Street,36251,Nottinghamshire,Philippines,travel sports restaurant music museum,female,"-4.2165132288, -19.5569985536"
65f1c79432536e1ffd51dc9e,Yetta Erickson,1-502-876-0278,nonummy.ultricies@google.edu,Ap #998-6230 Justo. St.,7043,Overijssel,Costa Rica,travel sports restaurant music museum,trans,"-71.442116096, -177.2300542976"
65f1c79432536e1ffd51dc9f,Ivory Chaney,(159) 332-1110,fermentum.vel@icloud.couk,Ap #631-2745 Sodales St.,81-614,Stockholms län,Philippines,travel sports restaurant music,female,"18.0128594944, -54.843073536"
65f1c79432536e1ffd51dca0,Zachary Holder,(167) 796-6624,lobortis.class@hotmail.edu,"P.O. Box 994, 5958 Sed Rd.",857378,Nordrhein-Westphalen,Norway,travel sports restaurant music museum,female,"7.025591296, -166.3364903936"
65f1c79432536e1ffd51dca1,Deirdre Sharp,(521) 268-7087,aliquam.adipiscing@outlook.edu,6731 Odio Avenue,241444,Bourgogne,Vietnam,restaurant music,trans,"80.2540422144, 38.37963776"
65f1c79432536e1ffd51dca2,Owen Mcgowan,(242) 917-8225,adipiscing.ligula.aenean@google.com,821-4426 Velit. St.,33025,Lazio,Netherlands,travel sports restaurant music museum,trans,"66.1482464256, 179.6967914496"
65f1c98a32536e1ffd51dca5,Garth Carver,1-699-442-2187,nisl.nulla@icloud.net,Ap #606-3943 Imperdiet Av.,7191-6495,Illes Balears,Spain,travel sports restaurant music museum,female,"24.5869228032, -116.800705024"
65f1c98a32536e1ffd51dca6,Daniel Best,1-524-456-6119,tellus@outlook.couk,"977-869 Vel, Road",297273,Aragón,Spain,travel sports restaurant music museum,female,"2.3410545664, 98.7655625728"
65f1c98a32536e1ffd51dca7,Tarik Gallegos,1-576-596-0874,massa@yahoo.couk,742-5822 Nam St.,57155,Navarra,Spain,travel sports restaurant music museum,female,"24.841115648, -81.6256659456"
65f1c98a32536e1ffd51dca8,Harding Austin,1-181-870-6032,libero.morbi@protonmail.edu,9541 Aliquet. St.,248212,Castilla y León,Spain,restaurant music museum,male,"-61.3537758208, 76.77339904"
65f1c98a32536e1ffd51dca9,Kevin Henderson,1-870-945-3425,tempus.lorem@yahoo.edu,309-9334 Mauris. Ave,T4B 5K1,Castilla y León,Spain,travel sports restaurant music museum,female,"84.9038972928, 172.7572076544"
65f1c98a32536e1ffd51dcaa,Christine Webb,1-472-460-4276,lectus.rutrum@aol.couk,761-6998 Risus. Avenue,R8L 1Y5,Comunitat Valenciana,Spain,sports restaurant music museum,male,"-65.4690071552, -36.4211049472"
65f1c98a32536e1ffd51dcab,Chester Carlson,(584) 641-1422,nibh.dolor@aol.org,448 Non Rd.,356576,Cantabria,Spain,travel sports restaurant music museum,female,"-24.813907456, 32.5518326784"
65f1c98a32536e1ffd51dcac,Knox Hoffman,(406) 437-0949,fames.ac.turpis@icloud.net,"P.O. Box 680, 5553 Non, Rd.",446476,Madrid,Spain,sports restaurant,female,"-37.3645769728, 179.97442816"
65f1c98a32536e1ffd51dcad,Aimee Ross,(886) 629-4181,primis.in@protonmail.edu,990-7570 Blandit Av.,47798,Catalunya,Spain,music museum,male,"-25.0743861248, -150.4364899328"
65f1c98a32536e1ffd51dcae,Sybill Townsend,1-603-246-6433,aliquam.eros@protonmail.edu,Ap #720-5026 Non Rd.,404685,Ceuta,Spain,travel sports restaurant music museum,female,"-23.9719087104, -26.3940461568"
65f1c98a32536e1ffd51dcaf,Laurel Garcia,1-611-611-5127,luctus.ipsum.leo@yahoo.edu,984-9791 Magna. Road,69-837,Comunitat Valenciana,Spain,sports,female,"-30.2293238784, 109.893406208"
65f1c98a32536e1ffd51dcb0,Astra Sanchez,(212) 640-2116,orci.adipiscing.non@yahoo.net,998-1734 Ornare St.,20325,Navarra,Spain,travel sports restaurant music museum,male,"-7.38957312, 103.4636356608"
65f1c98a32536e1ffd51dcb1,Caleb Levine,(785) 653-4387,dolor.fusce@protonmail.couk,698-4224 Ligula Street,6637,Andalucía,Spain,travel sports restaurant music museum,female,"-61.0316150784, -106.470100992"
65f1c98a32536e1ffd51dcb2,Shay Boyer,1-464-450-9706,morbi.tristique@google.net,214-660 Enim Street,84-22,Principado de Asturias,Spain,travel sports restaurant music museum,female,"-57.6047258624, -51.6639266816"
65f1c98a32536e1ffd51dcb3,Colette Tate,(868) 575-6303,orci@icloud.couk,3958 Ultricies Street,64790,Andalucía,Spain,travel sports restaurant music,male,"75.6563963904, 61.7818353664"
65f1c98a32536e1ffd51dcb4,Irma Glenn,1-614-506-6585,dis.parturient@hotmail.com,Ap #318-719 Dolor Road,176978,Castilla y León,Spain,restaurant music,female,"-3.893275136, 98.7200585728"
65f1c98a32536e1ffd51dcb5,Abraham Hicks,(577) 644-8676,nunc@google.org,367-3748 Donec Ave,872633,Murcia,Spain,restaurant music,female,"-8.5128848384, 39.4606231552"
65f1c98a32536e1ffd51dcb6,Noah Bishop,1-331-328-5738,eu@protonmail.ca,687-2893 Fusce Rd.,2138 OG,Melilla,Spain,travel sports restaurant music museum,female,"-58.4176162816, -144.0684988416"
65f1c98a32536e1ffd51dcb7,Hyatt Puckett,1-536-983-9258,magna.duis@outlook.net,Ap #598-5435 Enim. Av.,58083,Principado de Asturias,Spain,travel sports restaurant music museum,female,"7.511381504, 40.1564481536"
65f1c98a32536e1ffd51dcb8,Wyatt Mullins,1-654-390-2650,ligula.aliquam@aol.edu,Ap #761-7195 Erat Road,549988,Ceuta,Spain,sports restaurant,male,"27.4150234112, 31.96796928"
65f1c98a32536e1ffd51dcb9,Elijah Gilbert,(311) 588-6543,donec.dignissim@yahoo.net,419 Tortor Street,579738,Cantabria,Spain,travel sports restaurant music museum,female,"7.3264802816, -131.245926912"
65f1c98a32536e1ffd51dcba,Solomon Maynard,1-202-780-4130,interdum.curabitur.dictum@icloud.org,4464 Cum Rd.,0512 NH,Madrid,Spain,travel sports restaurant music museum,female,"-53.8541734912, 14.82496"
65f1c98a32536e1ffd51dcbb,Basia Monroe,1-914-733-9137,nunc@aol.edu,"P.O. Box 344, 1033 Sem, Rd.",61878,Canarias,Spain,travel sports restaurant music museum,female,"-66.4127483904, 76.2917281792"
65f1c98a32536e1ffd51dcbc,Madonna Thompson,1-815-473-9666,nonummy.ut@outlook.ca,178-9554 Auctor Avenue,42608,Melilla,Spain,travel sports restaurant music museum,male,"-27.5319355392, -157.0489598976"
65f1c98a32536e1ffd51dcbd,Melyssa English,1-294-586-4118,nulla@hotmail.edu,"P.O. Box 104, 5202 Purus, Avenue",1485,Aragón,Spain,travel sports restaurant music museum,male,"-22.292930048, -81.9851641856"
65f1c98a32536e1ffd51dcbe,Hashim Ferguson,(711) 463-5616,orci@yahoo.net,Ap #468-1131 Phasellus Avenue,14765,Cantabria,Spain,travel sports restaurant music museum,male,"5.7879427072, 141.4697096192"
65f1c98a32536e1ffd51dcbf,Angelica Torres,1-732-379-5280,scelerisque.neque@icloud.couk,4078 Semper St.,4261,Navarra,Spain,travel sports restaurant music museum,female,"5.1706749952, -107.5538643968"
65f1c98a32536e1ffd51dcc0,Thaddeus Mccormick,(646) 372-2894,facilisis.eget@google.couk,"P.O. Box 604, 3390 Dapibus Road",988217,Canarias,Spain,travel sports restaurant,female,"-64.3329856512, -93.5517526016"
65f1c98a32536e1ffd51dcc1,Oprah Chang,1-318-727-5774,at.arcu@aol.couk,Ap #732-8751 Orci Av.,16456,Madrid,Spain,travel sports restaurant music,female,"55.326715904, 158.461518848"
65f1c98a32536e1ffd51dcc2,Mohammad Hartman,1-417-581-4526,malesuada.augue@icloud.couk,"P.O. Box 884, 4690 Vehicula Street",7172,Castilla y León,Spain,travel sports restaurant music museum,male,"-33.4913613824, 84.5217753088"
65f1c98a32536e1ffd51dcc3,Cameran Valenzuela,1-463-383-6226,sed.eu@yahoo.org,Ap #600-5649 Dignissim Av.,DZ4G 4JY,Andalucía,Spain,travel sports restaurant music,male,"-2.9569403904, 41.03468032"
65f1c98a32536e1ffd51dcc4,Vance Watson,1-262-875-9484,venenatis.a@icloud.ca,318-5507 Pellentesque Street,308241,Comunitat Valenciana,Spain,travel sports restaurant music museum,male,"4.1015350272, 145.571079168"
65f1c98a32536e1ffd51dcc5,Mira Wilcox,(477) 733-1162,pharetra.felis@outlook.couk,Ap #869-1577 Quisque St.,314955,Galicia,Spain,travel sports restaurant music museum,male,"-53.2836998144, 176.6109945856"
65f1c98a32536e1ffd51dcc6,Castor Henry,(341) 126-5473,est.tempor.bibendum@icloud.com,972-3384 Euismod Rd.,428813,Madrid,Spain,music,female,"54.2794994688, -143.7021948928"
65f1c98a32536e1ffd51dcc7,Alan Huff,(710) 978-4422,massa.lobortis@aol.ca,"P.O. Box 260, 4738 Dictum St.",878380,Extremadura,Spain,restaurant music,male,"-28.8149604352, 88.6890626048"
65f1c98a32536e1ffd51dcc8,Jamal Parrish,(645) 784-0554,donec.tempor@google.com,"Ap #357-1427 Quis, Avenue",43396,Principado de Asturias,Spain,sports restaurant,male,"-38.30390528, 67.0296628224"
65f1c98a32536e1ffd51dcc9,Courtney Taylor,(956) 411-8456,ullamcorper.duis@hotmail.net,5618 In Av.,3817,Principado de Asturias,Spain,travel sports restaurant music museum,male,"-39.6244104192, 21.8029433856"
65f1c98a32536e1ffd51dcca,Alea Pitts,(452) 151-5239,erat.vivamus.nisi@icloud.couk,Ap #402-4660 Porttitor Rd.,794641,Ceuta,Spain,museum,female,"-33.1659308032, -52.737099264"
65f1c98a32536e1ffd51dccb,Iola Mcdonald,(726) 535-6197,purus.maecenas.libero@hotmail.com,"523-7852 Magna, Road",S2A 0V5,Madrid,Spain,restaurant music museum,male,"-32.266945536, -49.0021849088"
65f1c98a32536e1ffd51dccc,Mariko Whitfield,(355) 476-6559,nisl@protonmail.couk,327-6376 Sodales Ave,57-68,Illes Balears,Spain,travel sports restaurant music museum,male,"-56.5160938496, 82.4213983232"
65f1c98a32536e1ffd51dccd,Morgan Curry,1-821-624-2269,adipiscing.elit@google.com,334-9750 In St.,71714,Galicia,Spain,travel sports restaurant music museum,male,"28.893447168, 179.917384704"
65f1c98a32536e1ffd51dcce,Illiana Finley,1-610-305-9813,risus.in@yahoo.com,220-8603 Rutrum St.,486071,Castilla - La Mancha,Spain,travel sports restaurant music museum,male,"3.3064946688, 151.447673344"
65f1c98a32536e1ffd51dccf,Reece Jensen,1-296-123-7341,posuere.cubilia.curae@protonmail.couk,"581-662 Ornare, Av.",5715,La Rioja,Spain,travel sports restaurant,male,"0.9186873344, -6.0502023168"
65f1c98a32536e1ffd51dcd0,Kirestin Stevenson,1-521-986-8043,nulla.eget@google.edu,Ap #209-3105 Pretium Rd.,459826,Melilla,Spain,travel sports restaurant music museum,female,"-31.9766165504, 155.9151268864"
65f1c98a32536e1ffd51dcd1,Carissa Best,1-732-641-6354,massa.non.ante@hotmail.org,Ap #937-5980 Erat Av.,69-273,Madrid,Spain,travel sports restaurant music museum,male,"3.1118178304, -174.0680080384"
65f1c98a32536e1ffd51dcd2,Lars Barlow,(773) 784-1387,nec@hotmail.couk,Ap #413-3951 Vel St.,17565,Comunitat Valenciana,Spain,travel sports restaurant music museum,female,"25.4529864704, -177.6353803264"
65f1c98a32536e1ffd51dcd3,Damian Woods,(924) 163-7374,porttitor@aol.couk,8374 Elit Road,248683,Galicia,Spain,travel sports,male,"-86.7689760768, 21.8998521856"
65f1c98a32536e1ffd51dcd4,Robert Hill,1-577-868-7765,a.mi@yahoo.ca,"646-2336 Augue, Avenue",895282,Principado de Asturias,Spain,travel sports restaurant music museum,male,"-48.2623238144, -122.3982263296"
65f1c98a32536e1ffd51dcd5,Evangeline Vinson,1-775-131-7820,accumsan.interdum.libero@aol.couk,530-831 Eu Road,6794 SU,Catalunya,Spain,sports restaurant music museum,male,"27.4752338944, -109.6246401024"
65f1c98a32536e1ffd51dcd6,Galvin Guerrero,1-323-385-2203,diam.proin@outlook.com,973-1742 Tristique Road,708347,Aragón,Spain,sports restaurant music,male,"3.4046688256, 127.4483767296"
65f1c98a32536e1ffd51dcd7,Iona Copeland,(206) 817-8725,elementum.purus@hotmail.net,Ap #540-2645 Tempus Rd.,27305-55361,Canarias,Spain,travel sports restaurant music museum,male,"-89.2121092096, -93.370875904"
65f1c98a32536e1ffd51dcd8,Wing Weeks,1-469-137-4462,sed.tortor@google.couk,553-691 Sapien. Road,3326,Catalunya,Spain,travel sports restaurant music museum,male,"-28.6362200064, -87.877056512"
65f1c98a32536e1ffd51dcd9,Kameko Ferguson,1-427-623-7852,eu@yahoo.net,Ap #237-199 Laoreet St.,012584,Euskadi,Spain,travel sports restaurant music museum,male,"59.5042010112, 117.3879407616"
65f1c98a32536e1ffd51dcda,Berk Berry,(554) 581-8522,sed.eu.nibh@outlook.ca,196-3430 Aliquam St.,M6W 6C5,Euskadi,Spain,travel sports restaurant music museum,male,"4.03270144, -25.9760900096"
65f1c98a32536e1ffd51dcdb,Julie Fuller,1-466-425-8552,risus.at@yahoo.org,570-8565 Semper Street,188836,Aragón,Spain,travel sports restaurant music museum,female,"-30.731619328, -6.707099136"
65f1c98a32536e1ffd51dcdc,Holmes Allison,1-299-588-5342,sed.tortor@hotmail.net,"P.O. Box 146, 9800 Faucibus Road",43396,Ceuta,Spain,travel sports restaurant music museum,male,"83.4885374976, 99.0906843136"
65f1c98a32536e1ffd51dcdd,Alexis Lewis,1-468-295-5344,arcu.sed@icloud.edu,"380-6546 In, St.",67710,Catalunya,Spain,restaurant music,male,"-26.5855102976, -170.7675531264"
65f1c98a32536e1ffd51dcde,Veronica Ball,(316) 656-0443,erat@icloud.org,6750 Dapibus St.,3566,Aragón,Spain,travel sports restaurant music museum,male,"41.2282540032, -3.5443459072"
65f1c98a32536e1ffd51dcdf,Yoko Christensen,(483) 272-8512,gravida.praesent@outlook.com,944-4874 Eu Avenue,8156,Ceuta,Spain,travel sports restaurant music museum,male,"-21.4759400448, -116.5845454848"
65f1c98a32536e1ffd51dce0,Caldwell Solis,(811) 366-8713,congue@outlook.com,4842 Aliquet Av.,811293,Principado de Asturias,Spain,restaurant music museum,male,"-35.7903241216, 66.4318288896"
65f1c98a32536e1ffd51dce1,Madonna Blake,(147) 326-5255,nec.ante.blandit@hotmail.org,7883 Diam Street,31645,Galicia,Spain,music,male,"57.5896712192, 12.189586944"
65f1c98a32536e1ffd51dce2,Kylan Vang,1-435-372-5766,condimentum.eget@outlook.org,894-1133 Neque. Ave,65823,Illes Balears,Spain,museum,male,"-44.3136313344, 87.667871232"
65f1c98a32536e1ffd51dce3,Chanda Delgado,1-655-684-2157,sit@outlook.edu,660-7691 Non Street,520458,Navarra,Spain,travel sports restaurant music museum,male,"73.6710995968, 101.2637165568"
65f1c98a32536e1ffd51dce4,Alden Garrison,1-764-520-4083,vel.venenatis.vel@yahoo.com,Ap #906-3799 Maecenas St.,6748,Melilla,Spain,sports restaurant music,male,"48.3244992512, 91.3477906432"
65f1c98a32536e1ffd51dce5,Kiona Nolan,(659) 758-2146,sem@outlook.edu,"P.O. Box 351, 529 Vitae Ave",80421,Euskadi,Spain,restaurant music museum,male,"-10.0824060928, -148.5923395584"
65f1c98a32536e1ffd51dce6,Daniel Hill,(134) 661-5430,lacus.etiam@protonmail.net,220-4612 Justo. Rd.,46588-76816,Euskadi,Spain,sports,male,"-37.1564660736, -91.3819004928"
65f1c98a32536e1ffd51dce7,Mollie Atkinson,1-754-117-4802,at.sem@icloud.couk,"P.O. Box 234, 3301 Dignissim Rd.",986465,Galicia,Spain,travel sports restaurant music museum,female,"31.6356434944, -46.8743361536"
65f1c98a32536e1ffd51dce8,Riley Carr,(271) 648-4544,tincidunt.orci@outlook.edu,"P.O. Box 348, 4455 Duis Rd.",3326,Euskadi,Spain,travel sports restaurant music museum,female,"-48.5732219904, -39.4543921152"
65f1c98a32536e1ffd51dce9,Emmanuel Aguilar,1-454-450-3277,proin.mi@hotmail.edu,Ap #442-8646 Proin Avenue,854112,Euskadi,Spain,travel sports restaurant music museum,male,"-47.4190865408, -56.1000096768"
65f1c98a32536e1ffd51dcea,Sydney Garrett,1-788-534-7127,nisi.nibh@hotmail.edu,"670-1056 Mauris, Rd.",433783,Illes Balears,Spain,travel sports,female,"31.9071033344, -3.2875070464"
65f1c98a32536e1ffd51dceb,Martena Buchanan,(985) 688-4754,morbi.tristique@hotmail.org,Ap #125-221 Class Road,631362,Cantabria,Spain,travel sports restaurant music,female,"-0.4790278144, 32.0822057984"
65f1c98a32536e1ffd51dcec,Kelsey Griffin,(851) 844-4522,nulla.tincidunt.neque@outlook.ca,"Ap #282-8225 Id, Ave",10020,Navarra,Spain,sports restaurant music,female,"-88.9599915008, -78.199186944"
65f1c98a32536e1ffd51dced,Lilah Norman,(588) 729-2638,dolor.sit@yahoo.couk,"291-9354 Non, Street",88457-404,Illes Balears,Spain,sports restaurant music,female,"68.3586428928, 94.9895274496"
65f1c98a32536e1ffd51dcee,Francesca Nicholson,1-201-266-5965,lorem.eu@protonmail.edu,444-6029 Tincidunt Street,5581 VK,Cantabria,Spain,travel sports restaurant music museum,male,"-53.520840192, 3.4067679232"
65f1c98a32536e1ffd51dcef,Allegra Bartlett,(634) 608-0683,posuere@hotmail.org,834-4341 Sed Rd.,B2Q 3JD,Canarias,Spain,travel sports restaurant music museum,female,"-62.985872384, -66.2568730624"
65f1c98a32536e1ffd51dcf0,Simone Knowles,(825) 685-5263,lacinia.mattis.integer@outlook.com,1526 Orci St.,4942,Ceuta,Spain,music museum,male,"-61.1739485184, 19.657414656"
65f1c98a32536e1ffd51dcf1,Kevin Mcmillan,(813) 657-7869,hendrerit.donec.porttitor@hotmail.couk,"P.O. Box 575, 5029 Interdum. Rd.",57283,Castilla - La Mancha,Spain,travel sports restaurant music museum,female,"-69.0530479104, 83.650553344"
65f1c98a32536e1ffd51dcf2,Lionel Santiago,1-838-674-8157,cum.sociis@protonmail.org,Ap #926-3882 Penatibus Street,636767,Canarias,Spain,travel sports restaurant music,male,"-73.1293196288, -113.0697650176"
65f1c98a32536e1ffd51dcf3,Adrienne Guthrie,1-474-553-7413,nisi@google.com,Ap #125-2225 Ultrices. Av.,04422,Euskadi,Spain,travel sports restaurant music museum,male,"-34.977304576, -69.4610086912"
65f1c98a32536e1ffd51dcf4,Hall Knox,1-162-731-3440,rutrum.fusce@google.com,Ap #203-387 Quam Street,26-58,Cantabria,Spain,sports restaurant music museum,male,"-55.4549891072, 87.8514757632"
65f1c98a32536e1ffd51dcf5,Richard Richard,1-511-225-2221,nulla@aol.edu,634-4614 Eros. Ave,64626,Cantabria,Spain,travel sports restaurant music museum,male,"-41.0760613888, -9.2617960448"
65f1c98a32536e1ffd51dcf6,Leroy Gutierrez,1-569-423-8937,tincidunt.donec.vitae@aol.couk,Ap #136-8691 Ut Ave,74-36,Castilla - La Mancha,Spain,travel sports restaurant music museum,female,"62.5245213696, 123.875590656"
65f1c98a32536e1ffd51dcf7,Keefe West,(593) 642-9609,orci.luctus@icloud.couk,Ap #897-4025 Interdum. St.,61997-738,La Rioja,Spain,sports,female,"3.447250432, -92.3821283328"
65f1c98a32536e1ffd51dcf8,Destiny Valenzuela,(653) 460-8665,ipsum.leo.elementum@google.edu,Ap #353-9104 Lacus. Street,32661,Navarra,Spain,travel sports restaurant music museum,male,"-49.807923712, -34.5889788928"
65f1c98a32536e1ffd51dcf9,Kirsten Best,(657) 824-5476,enim.condimentum@protonmail.net,3646 Malesuada Road,72-794,Principado de Asturias,Spain,museum,female,"47.498029568, -152.8075196416"
65f1c98a32536e1ffd51dcfa,Kuame Nixon,1-271-716-9448,nec@outlook.ca,"P.O. Box 859, 2019 Ante Ave",835127,Ceuta,Spain,travel sports restaurant music museum,female,"-60.8638936064, 98.4648793088"
65f1c98a32536e1ffd51dcfb,Unity Salazar,(364) 386-7871,ullamcorper.nisl.arcu@icloud.net,6911 Mollis St.,9635,Melilla,Spain,travel sports restaurant music museum,male,"-32.3468668928, -104.99137536"
65f1c98a32536e1ffd51dcfc,Jennifer Mcknight,1-271-248-8463,habitant.morbi@protonmail.com,921-1314 Odio Avenue,6722,Murcia,Spain,music,male,"-15.6769097728, -179.7047268352"
65f1c98a32536e1ffd51dcfd,Travis Shaw,(266) 467-5339,donec.non@icloud.com,848-9432 In Rd.,325298,Comunitat Valenciana,Spain,travel sports restaurant music museum,female,"50.3246286848, -60.0235644928"
65f1c98a32536e1ffd51dcfe,Daphne Herring,(881) 957-8488,tristique@outlook.net,2292 Dolor. Av.,05251,Andalucía,Spain,restaurant music,female,"-86.2909857792, -89.0386076672"
65f1c98a32536e1ffd51dcff,Craig Hewitt,(432) 428-5308,lacus@aol.ca,"628-6982 Convallis, Avenue",5675,Cantabria,Spain,travel sports restaurant music,female,"32.3041371136, 110.5162012672"
65f1c98a32536e1ffd51dd00,Henry Sutton,(334) 331-1341,donec@protonmail.couk,"P.O. Box 792, 122 Ornare, Road",51438-34918,Galicia,Spain,restaurant,male,"67.241150464, 64.7879968768"
65f1c98a32536e1ffd51dd01,Kuame Lamb,1-843-664-2318,facilisis.suspendisse@hotmail.org,187-9381 Augue Rd.,7270 SB,Canarias,Spain,sports,male,"55.455974912, -130.607560192"
65f1c98a32536e1ffd51dd02,Macey York,1-680-703-1284,aliquet@hotmail.com,Ap #140-8914 Cras Av.,6341,Castilla - La Mancha,Spain,restaurant music,male,"-85.4442804224, -55.5651359744"
65f1c98a32536e1ffd51dd03,Serena Sparks,(391) 255-1831,convallis.in@outlook.edu,5985 Ornare St.,300123,Principado de Asturias,Spain,travel sports restaurant music museum,female,"-14.0684178432, 96.2841783296"
65f1c98a32536e1ffd51dd04,Yasir O'Neill,1-768-103-4671,in.consectetuer@outlook.org,475-4617 Eros Av.,21373,Castilla - La Mancha,Spain,travel sports restaurant music museum,female,"-74.9509035008, 82.9541339136"
65f1c98a32536e1ffd51dd05,Logan Morrow,(999) 557-6351,nunc@hotmail.ca,Ap #646-2338 Neque. Av.,94457-46181,Navarra,Spain,travel sports restaurant music museum,female,"-55.1939053568, 25.2102321152"
65f1c98a32536e1ffd51dd06,Hedy Allen,1-938-777-9932,nec.enim@google.edu,Ap #146-8546 Vestibulum. Ave,3734,Andalucía,Spain,travel sports restaurant music museum,female,"84.644494336, -107.3225061376"
65f1c98a32536e1ffd51dd07,Lucas Savage,(961) 431-0465,nulla.vulputate@icloud.org,"P.O. Box 310, 4629 Mauris Ave",7617,Castilla - La Mancha,Spain,sports restaurant music museum,female,"57.8044603392, -170.2459900928"
65f1c98a32536e1ffd51dd08,Chelsea Santana,1-210-331-7703,mauris.ut@hotmail.com,758-396 Rhoncus. St.,023713,Catalunya,Spain,travel sports restaurant music museum,male,"0.7533216768, 12.489354752"
